{
  "eifbei@hjjfe": {
    "id": "6d61c641-93be-4048-afa5-947fd7b531f5",
    "name": "hbfebf",
    "email": "eifbei@hjjfe",
    "password_hash": "scrypt:32768:8:1$zEMxfGQ5bhz50rlG$a40334d69af0950ee9777a05b279559e9759d9d1234310456130cf9415d46cb4e6252d6ffed78226363a82e92462bea11a63fa52ddca21bb9c2fa987f6c1f56d"
  },
  "jjj@jjj": {
    "id": "3fc53904-6f10-421a-95fb-5973ad7bdb9d",
    "name": "jjj",
    "email": "jjj@jjj",
    "password_hash": "scrypt:32768:8:1$1r0UjQf986p7YXo9$07d676b0c3b29226bc57c280b7f550f54f4c9407ba5656a963fec977a6da10b5a327fa085b7f1e88da7d95c2481dd189434b8a92487cffaea69eea8f96cee178"
  },
  "yyy@yyy": {
    "id": "bdc77e09-5d3e-4e3b-89f0-febfed736b1e",
    "name": "yyy",
    "email": "yyy@yyy",
    "password_hash": "scrypt:32768:8:1$ekUVQgh298iUXm2n$0a8d5a29a51df165db8feafff13086b1ce0d319d747f1ff796d8fb1170b3407ed9f4df57892b40c587e9f8a791d8fdf19276b84cee61d997ad1e7b524860b72b"
  },
  "aa@aa": {
    "id": "79a50413-3e4d-4538-9d5b-19140220499e",
    "name": "aa@aa",
    "email": "aa@aa",
    "password_hash": "scrypt:32768:8:1$OTlSCddxXES00OIo$69f31e3290048fc177d299caad708e1f0febfbaedc6a6c0182252733f972a0f48d4ea7452fc2324d6915e40e16fa7ec4e34b159b7cb7c5d506b38fb0dc367824"
  },
  "sujanhu96@gmail.com": {
    "id": "7044db32-c5e7-4eaa-81b7-b6802e6b2bc8",
    "name": "sujan",
    "email": "sujanhu96@gmail.com",
    "password_hash": "scrypt:32768:8:1$136Tgh8mgPhecFZS$8c3c8ae9d817d02bc58e4cbc4ce76eae0bdbffead292746be7c27c8ecdf36dce05a66bd42b9db40b9e505be150ad4cbddbbe330f0337354135f9a83eea993f34"
  },
  "we@we": {
    "id": "cc3dc25c-38cf-4b5e-8c68-ad7d89ad63c4",
    "name": "we",
    "email": "we@we",
    "password_hash": "scrypt:32768:8:1$FL2hIiTpe1vyJBF3$92f9787f8fd3f0fb7ad785739e7ebb3570de3cafab51fe1622daf99801679418e21b683456dfe9fa2e997e3163bb7b5700fefcc3e82c937dcf23e4aa71d08738"
  },
  "anyone@mail.com": {
    "id": "9ef972d5-21e2-41e9-9271-002cecf8a502",
    "name": "anyone@mail.com",
    "email": "anyone@mail.com",
    "password_hash": "scrypt:32768:8:1$q2DHVYhFLK3Nv4Iw$e6ba135c8cb4da4f16dfe48927b57fd6cfe5b951abc7a5af6985368ac134b7d80ab0b2ebac6b315146f46a68fa01ebe188e67118dd0a64625dbac59d4acbae89"
  }
}